{"cameraMode":{"drawMode":0,"name":"Shaded","section":"Shading Mode"},"sceneLighting":false,"audioPlay":false,"sceneViewState":{"showFog":true,"showMaterialUpdate":false,"showSkybox":true,"showFlares":true,"showImageEffects":true,"showParticleSystems":true},"in2DMode":false,"pivot":{"x":1.4901161193847657e-7,"y":1.1920928955078126e-7,"z":0.0},"rotation":{"x":0.23247689008712769,"y":-0.3501026928424835,"z":0.0901418924331665,"w":0.9029158353805542},"size":12.461976051330567,"orthographic":false}